{
  "mean": [
    -0.05051632394212179,
    0.1053729355721333,
    -0.051066238575434665,
    0.09643485980809563,
    -0.051660752940434644,
    0.10324329152668187,
    -0.047419779822281974,
    0.0870393107346666,
    -0.05477672505390574,
    0.08754763408033679,
    -0.04736122618749891,
    0.07548037502843365,
    -0.054317003027239415,
    0.09961407064612018,
    -0.04634605554420367,
    0.08404288888409052
  ],
  "std": [
    0.8639926637944997,
    0.7555202414424449,
    0.8640376034245818,
    0.7544838999693202,
    0.864845786352965,
    0.7475419278620129,
    0.8648166353826066,
    0.7432027790014117,
    0.8657563862100588,
    0.7628612761353711,
    0.8661883054910422,
    0.7571171798256541,
    0.8666403022252455,
    0.7503772110086464,
    0.8670777551438951,
    0.7471397274801621
  ],
  "num_features": 16,
  "window_size": 60,
  "feature_names": [
    "left_hip_x",
    "left_hip_y",
    "right_hip_x",
    "right_hip_y",
    "left_knee_x",
    "left_knee_y",
    "right_knee_x",
    "right_knee_y",
    "left_ankle_x",
    "left_ankle_y",
    "right_ankle_x",
    "right_ankle_y",
    "left_foot_x",
    "left_foot_y",
    "right_foot_x",
    "right_foot_y"
  ],
  "description": "Global normalization statistics from training data",
  "training_samples": 345,
  "extracted_from": "../../data/processed/training_data_16landmarks.h5"
}